TS,SKT,CPU,CID,CPU operating frequency (in GHz),CPU utilization %,CPU utilization % in kernel mode,CPI,kernel_CPI,IPC,giga_instructions_per_sec,branch misprediction ratio,locks retired per instr,L1D MPI (includes data+rfo w/ prefetches),L1D demand data read hits per instr,L1-I code read misses (w/ prefetches) per instr,L2 demand data read hits per instr,L2 MPI (includes code+data+rfo w/ prefetches),L2 demand data read MPI,L2 demand code MPI,LLC code read MPI (demand+prefetch),LLC data read MPI (demand+prefetch),Average LLC demand data read miss latency (in ns),Average LLC demand data read miss latency for LOCAL requests (in ns),Average LLC demand data read miss latency for REMOTE requests (in ns),package power (watts),DRAM power (watts),core c6 residency %,package c6 residency %,% Uops delivered from decoded Icache (DSB),% Uops delivered from legacy decode pipeline (MITE),memory bandwidth read (MB/sec),memory bandwidth write (MB/sec),memory bandwidth total (MB/sec),ITLB (2nd level) MPI,DTLB (2nd level) load MPI,DTLB (2nd level) store MPI,NUMA %_Reads addressed to local DRAM,NUMA %_Reads addressed to remote DRAM,uncore frequency GHz,IO_bandwidth_disk_or_network_reads (MB/sec),IO_bandwidth_disk_or_network_writes (MB/sec),TMA_Frontend_Bound(%),TMA_..Fetch_Latency(%),TMA_....ICache_Misses(%),TMA_....ITLB_Misses(%),TMA_....Branch_Resteers(%),TMA_....MS_Switches(%),TMA_....LCP(%),TMA_....DSB_Switches(%),TMA_..Fetch_Bandwidth(%),TMA_....MITE(%),TMA_....DSB(%),TMA_....MS(%),TMA_Bad_Speculation(%),TMA_..Branch_Mispredicts(%),TMA_....Other_Mispredicts(%),TMA_..Machine_Clears(%),TMA_....Other_Nukes(%),TMA_Backend_Bound(%),TMA_..Memory_Bound(%),TMA_....L1_Bound(%),TMA_......DTLB_Load(%),TMA_......Store_Fwd_Blk(%),TMA_......L1_Latency_Dependency(%),TMA_......Lock_Latency(%),TMA_......Split_Loads(%),TMA_......FB_Full(%),TMA_....L2_Bound(%),TMA_....L3_Bound(%),TMA_......Contested_Accesses(%),TMA_......Data_Sharing(%),TMA_......L3_Hit_Latency(%),TMA_......SQ_Full(%),TMA_....DRAM_Bound(%),TMA_......MEM_Bandwidth(%),TMA_......MEM_Latency(%),TMA_....Store_Bound(%),TMA_......Store_Latency(%),TMA_......False_Sharing(%),TMA_......Split_Stores(%),TMA_......Streaming_Stores(%),TMA_......DTLB_Store(%),TMA_..Core_Bound(%),TMA_....Divider(%),TMA_....Serializing_Operation(%),TMA_....AMX_Busy(%),TMA_....Ports_Utilization(%),TMA_Retiring(%),TMA_..Light_Operations(%),TMA_....FP_Arith(%),TMA_....Int_Operations(%),TMA_....Memory_Operations(%),TMA_....Fused_Instructions(%),TMA_....Non_Fused_Branches(%),TMA_....Other_Light_Ops(%),TMA_..Heavy_Operations(%),TMA_....Few_Uops_Instructions(%),TMA_....Microcode_Sequencer(%)
1761733747,,,,2.7956558,98.96644,25.051476,1.4423561,3.9821963,0.69331005,107.4205,0.034814652,0.00058078882,0.0098569166,0.30893739,0.042847454,0.00381964,0.028227176,0.0010397892,0.024000926,5.9618549e-06,0.0030551158,37.062777,28.846436,+Inf,186.88608,11.89805,0,0,31.536111,67.089389,19147.165,6732.3023,25879.468,0.0017251904,0.00025729322,3.1895249e-05,100,0,5.8754278,3.81938,3.6062373,54.073597,41.83514,17.386619,6.4529573,26.143062,0,0.0078057512,4.0421586,12.238458,12.175957,2.2738947,0.51540074,12.853929,11.582932,6.2885829,0.97669659,1.0086108,12.277018,9.8241555,13.986978,7.0579153,0.038073799,8.5720873,0.04552217,0.017256483,0.21248366,1.2902334,16.603495,4.1634684,1.2518078,2.6944461,0.41712951,6.7802184,100,-16.702697,0.27869893,11.804104,2.7155563,0.041399149,0,14.009777,2.4528627,1.7832793,0.5289545,0,14.046705,22.591762,20.71742,0.00058199351,0.0033717422,9.8010852,1.9542701,1.8750618,8.0535091,1.8743418,1.8588993,0
1761733752,,,,2.7521036,98.085813,23.390388,1.4183294,4.0686974,0.70505483,106.58152,0.034891072,0.00053075549,0.0096770765,0.30953677,0.041640558,0.0037898456,0.027820655,0.0011617877,0.023751795,6.4198412e-06,0.0031728719,37.64542,30.68786,+Inf,184.40961,11.757713,0,0,32.151446,66.452561,19043.5,6654.5305,25698.031,0.0015958827,0.0002268841,2.9962556e-05,100,0,5.76166,3.6917526,3.4950713,53.034779,40.98579,16.933461,6.3327425,25.477675,0,0.0076340247,4.1171058,12.048989,11.873036,2.2555793,0.51193622,12.53173,11.747341,3.6267525,0.9038065,1.06106,9.5695016,7.2026278,14.010345,6.8255438,0.034524759,8.4071938,0.044836845,0.023110491,0.19623209,1.3320785,15.431618,4.1081878,1.190779,2.4446722,0.26013452,6.5440364,100,-16.552052,0.29507352,12.070227,2.603892,0.040738402,0,14.094883,2.3668738,1.7340683,0.50017373,0,13.296871,22.823202,20.94586,0.00088664625,0.0028870326,9.5919718,1.9044222,1.8528144,5.8615525,1.8773419,1.8035703,0
1761733757,,,,2.7477871,98.553381,23.467459,1.4664781,4.0852734,0.68190584,103.41107,0.035846429,0.00052836228,0.010126663,0.31001842,0.04241241,0.0037037832,0.028175629,0.001123414,0.023353839,5.9826936e-06,0.0030112019,37.449772,27.037597,+Inf,184.63669,11.744626,0,0,31.685108,66.893921,19046.844,6647.5917,25694.436,0.0015810451,0.00025112719,3.2095274e-05,100,0,5.7753229,3.6201336,3.6468833,55.643986,43.743328,16.60983,6.5653594,26.232388,0,0.0077029041,4.0953818,11.900657,11.959699,2.2985497,0.51229296,12.815769,11.689306,0.01,1.0830803,1.0478697,10.302312,8.0182429,13.749849,7.4620504,0.038510971,8.9167706,0.046521904,0.020787638,0.20036367,1.279832,16.465459,3.964233,1.1740299,2.6170169,0.95252665,6.6989133,100,-16.952278,0.30296481,12.384656,2.4479931,0.040639993,0,14.85136,2.2840691,1.6847038,0.54386858,0,13.368425,22.02832,20.312335,0.00066993789,0.0031603525,10.333292,1.9057232,1.8384267,6.5932713,1.7159853,1.6718481,0
1761733762,,,,2.7077208,98.675806,23.476487,1.4032862,3.7948283,0.71261298,106.62433,0.033280471,0.00056345459,0.010068989,0.30769498,0.042393705,0.0039416529,0.028604287,0.0012336439,0.02370144,6.3751481e-06,0.0031925774,37.207247,28.736028,+Inf,183.92585,11.674656,0,0,32.575973,66.044799,18869.176,6583.4413,25452.617,0.0016633199,0.0002583968,3.2825336e-05,100,0,5.7349618,3.7480199,3.4349133,51.620962,39.740372,16.785478,6.4715534,25.214691,0,0.0079702289,4.0799701,11.88059,12.117368,2.1047265,0.53028301,12.661666,11.446213,4.5081217,0.95765079,1.0599896,14.473684,12.093569,13.099148,7.1137855,0.038585863,8.8791571,0.044646932,0.019509325,0.16785343,1.2961169,16.935829,3.9738864,1.1275236,2.6376245,0.27663098,5.4483139,100,-17.307579,0.29399632,11.677735,2.6879018,0.040367872,0,14.92359,2.3801156,1.7212505,0.54716966,0,13.916585,22.977726,21.263882,0.00061148525,0.0030991998,10.268178,1.9484194,1.8661452,7.2132355,1.7138447,1.7793851,0
1761733767,,,,2.7094971,98.239328,23.539258,1.3746206,3.8209291,0.72747348,108.43744,0.032186027,0.00055149481,0.010009534,0.30667794,0.040050473,0.00387522,0.026310627,0.0012138536,0.02300483,6.1309589e-06,0.0029284004,37.456174,28.984338,+Inf,184.8436,11.651058,0,0,31.603474,66.990232,18826.636,6591.7644,25418.4,0.0017406347,0.00024900009,3.1591115e-05,100,0,5.7686657,3.9143511,3.8390174,50.453448,38.510803,17.158382,6.4710725,24.056617,0,0.0078344774,4.096087,11.942645,11.913748,2.1566635,0.5128877,12.238949,11.178746,6.6027253,0.88177044,1.0177437,13.75911,11.423985,13.113558,6.8684027,0.037428032,8.4730166,0.043917774,0.02125579,0.20044988,1.2927322,16.271985,4.1415758,1.204954,2.8982654,0.24356902,6.3411973,100,-15.350064,0.29242168,11.436004,2.8139941,0.039651343,0,14.677108,2.3351252,1.7906586,0.56085568,0,13.88292,23.468786,21.673949,0.0006139646,0.0029508342,9.6434324,1.9246344,1.8466053,7.9856271,1.7948368,1.7887186,0
1761733772,,,,2.774369,98.438976,23.451236,1.4307125,4.0269632,0.69895244,106.89736,0.034414717,0.0005321689,0.010387867,0.30794174,0.041363235,0.0038748237,0.027540678,0.0012419682,0.023627061,7.1525603e-06,0.0030165767,37.658938,31.569478,+Inf,184.582,11.675482,0,0,31.827133,66.771448,18992.474,6595.3298,25587.803,0.001549543,0.00022279381,2.9782919e-05,100,0,5.7594794,3.6250567,3.6192765,52.816046,40.536355,16.495083,6.5383849,25.036899,0,0.0076385066,4.0858036,12.279691,11.812947,2.2651154,0.52194239,12.644862,11.508751,70.99381,1.0902421,0.93014147,12.173412,9.7205901,12.929529,6.5696669,0.03589271,8.5239471,0.045712621,0.023009339,0.21419091,1.2996862,15.912972,4.26773,1.2612692,2.6254308,0.4215156,7.7124726,100,-16.563259,0.28362239,12.002836,2.5909487,0.041486977,0,13.950486,2.4528224,1.6895306,0.58996572,0,13.692843,22.666426,20.870841,0.00059941222,0.0034450709,9.7652251,1.7956197,1.7649288,7.8720953,1.7955844,1.7852052,0
1761733777,,,,2.748308,98.633654,23.585006,1.4411661,4.0022917,0.69388252,105.33301,0.035754338,0.0005375238,0.010065789,0.31003023,0.043760643,0.0037536652,0.029327568,0.0010743976,0.024726205,7.122852e-06,0.0032838637,37.803499,29.037733,+Inf,183.89347,11.731857,0,0,32.068714,66.528057,19296.09,6657.2912,25953.381,0.0016900134,0.00024983006,3.1089767e-05,100,0,5.7290662,3.8569237,3.4772937,52.70576,40.959095,16.914814,6.5301983,26.135797,0,0.0077191796,4.0173959,11.746664,11.570591,2.2258639,0.50669635,13.318456,11.971378,5.1832546,0.98696322,1.1252251,11.399031,8.9694146,12.217558,6.9504138,0.03745042,8.566344,0.04505446,0.023343116,0.15612639,1.2925442,16.846517,4.0546563,1.1851196,2.6818235,0.22649083,5.0938748,100,-14.938056,0.29686082,11.686434,2.6069641,0.043416419,0,14.835592,2.4296167,1.7378563,0.60737678,0,13.933619,22.424905,20.628396,0.00065607026,0.0028027688,9.8559818,2.0585112,1.9328535,6.9049659,1.7965092,1.7605262,0
1761733782,,,,2.7084954,98.6543,23.412381,1.4057524,3.8867283,0.71136284,106.44452,0.033363917,0.00055191309,0.01016361,0.30727563,0.040517727,0.0038235622,0.02627448,0.0010856779,0.023018339,6.1130488e-06,0.0031138714,37.372181,28.182124,+Inf,185.03482,11.705948,0,0,31.68936,66.901104,18953.631,6604.3231,25557.954,0.0016234327,0.00024757501,3.1100149e-05,100,0,5.7706037,3.7193745,3.5132502,51.758767,39.398688,16.637124,6.6073921,24.774833,0,0.0078200448,4.0271397,12.360079,11.661413,2.2049224,0.52286593,12.512022,11.476994,0.01,1.2392514,0.83452382,12.748281,10.537211,11.524957,6.5496817,0.034504465,8.3688432,0.0476277,0.016836371,0.1971179,1.2654466,17.690206,3.9492722,1.1456703,2.6961288,1.0594898,6.5734433,100,-16.409349,0.29766434,12.338496,2.6679141,0.040168229,0,15.238404,2.2110699,1.7030094,0.64490074,0,13.809281,22.853105,21.028555,0.00063762877,0.0031266525,9.5833641,1.8733967,1.8010011,6.7420669,1.8245498,1.7755543,0
1761733787,,,,2.7620431,98.130419,23.491214,1.4793999,4.1172272,0.67594977,102.59745,0.037455164,0.00052673697,0.010059073,0.3110195,0.042609213,0.0037755044,0.028020346,0.001026564,0.023508944,6.4412722e-06,0.0032565379,37.933024,29.960905,+Inf,183.81385,11.712291,8.5082292e-05,0,31.716487,66.85881,19205.647,6582.372,25788.019,0.0015279909,0.00023952128,2.9328134e-05,100,0,5.7655159,3.601336,3.8298829,56.006818,44.174424,16.401789,6.6480777,26.557687,0,0.007630286,4.0114329,11.832394,12.06693,2.1496976,0.53115905,12.781959,12.175489,20.265005,1.0100146,0.74468366,9.8192759,7.5006356,12.610529,7.092326,0.036023515,8.5025709,0.049415694,0.023653357,0.19798045,1.296879,16.686379,4.1474728,1.2146811,2.5408372,1.0879465,7.0375916,100,-16.744208,0.29465926,12.561951,2.520799,0.03960288,0,15.165828,2.3186403,1.6591427,0.60444075,0,13.260693,21.722372,19.931107,0.00063353786,0.0030555107,9.8553913,1.9012513,1.8301326,7.8940332,1.7912652,1.8324124,0
1761733792,,,,2.7197465,98.344841,23.493055,1.4295629,4.2129235,0.6995145,104.77671,0.034819372,0.00052016283,0.0098755372,0.30897876,0.042783629,0.0037641976,0.028241441,0.0010807628,0.024200176,6.0580556e-06,0.0031461595,37.573437,30.664315,+Inf,185.02069,11.691348,0,0,31.661982,66.938018,18846.24,6542.6073,25388.847,0.0016490165,0.00024657553,3.1704903e-05,100,0,5.7864655,3.7287997,3.5760274,55.41279,43.407351,16.820454,6.5534371,26.274269,0,0.0077479957,3.9874018,12.005439,11.567665,2.1572469,0.52150673,13.052495,11.801639,778.43138,0.66373543,0.61486772,9.4302036,7.409556,12.116566,6.9686937,0.036778553,8.5479229,0.045375609,0.023878926,0.20353977,1.3072798,17.130535,3.9615206,1.1425341,2.6685995,1.3009795,6.8838563,100,-18.950607,0.27997399,12.912145,2.5268355,0.040761292,0,14.022763,2.0206475,1.721388,0.62395378,0,13.3946,22.5313,20.737909,0.00057674626,0.0028471459,9.8699277,1.9840334,1.881618,7.7323661,1.793391,1.7600336,0
1761733797,,,,2.7734293,98.483393,23.489854,1.3806291,3.9447561,0.72430749,110.78759,0.032807592,0.00053882522,0.0097553809,0.30756683,0.041828634,0.0037805003,0.028170181,0.0012883934,0.02224851,5.9642362e-06,0.0029371216,37.4163,26.734162,+Inf,184.05055,11.712861,0,0,31.872322,66.733441,18814.834,6536.5506,25351.385,0.0017141977,0.0002714433,3.2752798e-05,100,0,5.7395124,3.6968697,3.60713,51.62784,39.892982,16.624211,6.6674139,24.920972,0,0.0080096888,3.8406498,11.734859,12.077453,2.1517508,0.51340045,12.615701,11.462104,7.5011312,0.77660901,0.87525337,12.390703,10.34365,13.514805,6.8165521,0.035514061,8.6274784,0.042712621,0.022034114,0.18988076,1.3394766,15.894004,4.114247,1.1363168,2.615694,0.24902924,6.2652274,100,-16.376302,0.28529693,11.904187,2.4353719,0.040462013,0,14.172228,2.0470528,1.7163731,0.53560179,0,13.498199,23.314291,21.518243,0.00057590735,0.0030378627,9.9008194,1.955628,1.8834301,7.4884088,1.7960483,1.7115823,0
1761733802,,,,2.7003137,98.679022,23.549956,1.4510986,3.7193311,0.68913305,102.83245,0.035206316,0.00056948604,0.010553414,0.30897227,0.040097269,0.0037423283,0.025730742,0.0010113083,0.022071944,6.0932483e-06,0.0031384636,37.202641,28.644717,+Inf,184.32978,11.807971,0,0,31.950078,66.647827,19168.851,6621.5196,25790.37,0.0015634653,0.00023655153,2.9569896e-05,100,0,5.7512492,3.7387479,3.7723786,49.81871,36.504194,16.377864,6.3285511,24.559485,0,0.0079620759,4.1958763,13.314517,12.104143,2.2899968,0.52162436,12.180994,12.176807,5.2870956,0.69488137,0.94901895,15.074589,12.877571,13.867231,7.1588441,0.037115554,8.3363543,0.046614285,0.020128908,0.17199685,1.3134597,16.455908,4.2272087,1.1938091,2.5413775,0.1674654,5.518955,100,-15.841243,0.30123464,11.855092,2.6879628,0.039831974,0,13.868119,2.1970174,1.6928058,0.54003824,0,13.906501,21.947537,20.148154,0.00065855975,0.0030962678,9.5131116,1.8446342,1.8115788,6.3322564,1.7993831,1.7385842,0
1761733807,,,,2.6818914,98.338568,23.659099,1.4420345,3.7631826,0.69346467,102.41827,0.035879822,0.00056656778,0.01029927,0.30887744,0.042521186,0.0036325722,0.027909244,0.0010912935,0.023540333,6.7205194e-06,0.0033296286,37.765528,26.803138,+Inf,184.71534,11.852441,0.00018536151,0,32.107644,66.505368,19490.984,6681.12,26172.104,0.0016668081,0.00025414462,3.3232396e-05,100,0,5.7496093,3.675043,3.4869291,52.477161,40.31475,16.706408,6.423265,25.54466,0,0.0078207146,4.1252236,12.162412,11.93427,2.0845746,0.52567244,12.418489,11.356948,6.6440659,0.61074854,0.78041105,14.79806,12.752249,12.737149,7.0497224,0.036122333,8.633211,0.045846568,0.02368333,0.20262151,1.2852942,16.45144,4.1660784,1.1855092,2.6982081,0.15205055,6.6756042,100,-16.388666,0.29096991,11.650505,2.672722,0.042688718,0,15.594862,2.0458112,1.7151094,0.58748745,0,13.884311,22.43244,20.632407,0.00064511508,0.0033165523,9.9087495,1.8609496,1.80271,6.7748632,1.8000335,1.7140243,0
1761733812,,,,2.7396715,98.708088,23.452203,1.4767211,3.9388218,0.67717594,102.55121,0.037548293,0.00055816928,0.010255944,0.31075497,0.041209374,0.003798137,0.02779361,0.0012477724,0.023562612,6.3965026e-06,0.0030828031,37.50942,26.800449,+Inf,184.18381,11.796043,0,0,33.159637,65.479019,19201.9,6638.4174,25840.318,0.0016790522,0.00024722411,3.0993239e-05,100,0,5.732621,3.7039461,3.5034512,51.519838,39.840505,16.970397,6.3974885,24.876219,0,0.0076760939,4.1335879,11.679333,11.781393,2.252474,0.51824429,12.156898,11.987361,8.106979,0.85846155,1.0249216,12.744878,10.368805,14.093574,7.2690124,0.038529892,9.2175539,0.044969535,0.02261045,0.17295253,1.2893817,15.516449,4.0836166,1.1645625,2.6477146,0.094695244,6.1290561,100,-14.727875,0.31127482,11.519581,2.5372559,0.041494018,0,13.815861,2.3760731,1.7484277,0.52654786,0,13.969719,22.04912,20.216789,0.00058890097,0.0026708344,10.679013,1.9523843,1.8812092,7.9919424,1.8323313,1.7634501,0
1761733817,,,,2.7866269,98.430461,23.153817,1.4476809,3.9780121,0.69075996,106.10199,0.032799491,0.00054464864,0.010961764,0.30616828,0.04076694,0.0037629462,0.026465067,0.0010167339,0.022227507,5.8305084e-06,0.0030698728,37.843341,27.298273,+Inf,184.74994,11.789065,0,0,32.812905,65.782691,19220.284,6587.4778,25807.762,0.0016569952,0.00024105235,3.1129275e-05,100,0,5.7781989,3.7893529,3.4887054,53.509494,41.143823,16.924743,6.3965866,25.414493,0,0.0077296197,4.1259433,12.36567,11.735575,2.197966,0.51687374,12.086597,11.204895,27.666301,0.092892061,0.78684884,13.580939,11.045616,12.450358,6.6998839,0.036260421,8.3933379,0.045977316,0.019834479,0.19881824,1.2966925,16.680747,3.8579313,1.1576866,2.7214551,0.13177941,6.7948776,100,-15.221473,0.30329726,11.517482,2.7024905,0.04272142,0,14.339719,2.5353231,1.7321541,0.57040423,0,13.849429,22.227383,20.464357,0.00088628143,0.0030459554,9.6005711,1.867604,1.8087402,7.1773404,1.7630262,1.7652025,0
1761733822,,,,2.7524383,98.42864,23.518375,1.4212789,3.9165813,0.70359167,106.74506,0.034502861,0.00054883799,0.0099319753,0.30855225,0.043176644,0.0038087369,0.028998317,0.0011537674,0.02402178,6.1242561e-06,0.0030786807,37.577706,29.633524,+Inf,184.19413,11.837306,0,0,31.874721,66.73845,19201.896,6544.3098,25746.205,0.0016395842,0.00023790551,3.0409212e-05,100,0,5.770754,3.60842,3.9484725,53.539366,41.597634,16.915374,6.3121401,25.936712,0,0.0076158536,4.0800444,11.941732,11.915752,2.1936403,0.51941161,12.108005,11.627774,4.6272589,0.70325642,0.98175064,11.654571,9.3269487,12.473778,7.4813306,0.036893504,8.7078785,0.047262811,0.025196615,0.19310861,1.3073145,16.841219,3.8990793,1.2015061,2.6214522,1.4129367,6.5409011,100,-17.769803,0.28499898,12.791455,2.4636992,0.038519038,0,13.99508,2.3276226,1.7368356,0.59675911,0,13.625209,22.802259,21.042359,0.00062086243,0.0029331724,10.105002,1.9200399,1.8316014,7.00283,1.7598998,1.7258935,0
1761733827,,,,2.6677433,98.771294,23.460145,1.3809803,4.0486205,0.72412329,106.8502,0.031358045,0.00064436866,0.010083736,0.30554227,0.038779758,0.0036856423,0.025599832,0.0010433958,0.022812605,6.1270356e-06,0.0031407048,37.272926,29.65627,+Inf,184.69701,11.760103,0.0002676261,0,32.478522,66.228529,19192.399,6541.2083,25733.607,0.0016767081,0.00026803256,3.2311698e-05,100,0,5.7735028,3.8058221,3.3674909,52.575314,40.135438,16.883322,6.5709696,24.883507,0,0.0077794475,3.9668051,12.439876,11.177838,2.2433352,0.50394371,12.101646,11.449201,0.01,1.0532106,1.0828845,11.644668,9.2698297,11.935416,6.4682844,0.035410218,8.5476147,0.046145692,0.022521805,0.20246695,1.2615574,17.908887,3.9762143,1.1440759,2.6582361,1.4353928,6.977138,100,-17.901503,0.29976597,12.569881,2.5197413,0.041178171,0,14.635335,2.3748382,1.7496512,0.60207042,0,13.473827,23.356995,21.585986,0.00057556173,0.0029332399,9.7999177,1.8140059,1.763611,8.3658704,1.7710096,1.7301232,0
1761733832,,,,2.7923265,98.46734,23.507568,1.4118199,3.9175381,0.70830565,109.06041,0.034950492,0.00055116187,0.0098741243,0.30896645,0.040777497,0.0037940373,0.02722651,0.0013075354,0.023794065,6.0154028e-06,0.0029632722,37.866873,30.884054,+Inf,183.94922,11.791126,0,0,32.736193,65.895285,19225.732,6591.8771,25817.609,0.0017142429,0.00025127566,3.2298511e-05,100,0,5.7349995,3.6799899,3.4792676,51.177329,39.241277,17.055292,6.5332232,24.431637,0,0.0078845591,4.0031765,11.936052,11.950613,2.2217951,0.51462204,12.34708,11.746687,7.5533465,1.2092689,0.86665154,12.517702,9.9046734,13.446411,6.9542662,0.036761271,8.6678256,0.046956376,0.018677296,0.21472361,1.3086289,15.9401,4.1183752,1.2384302,2.6923292,0.73594446,7.2860372,100,-17.524355,0.29601532,13.224756,2.4653898,0.042774784,0,14.125242,2.6130284,1.7593327,0.54636403,0,13.361577,22.776483,21.019794,0.00063868252,0.0030613418,9.9569124,1.9067889,1.8449467,6.3492084,1.7566891,1.741664,0
1761733837,,,,2.7688346,98.4005,24.18375,1.4834344,4.1805171,0.67411136,102.8523,0.034991807,0.00054094593,0.010432281,0.30889689,0.040482374,0.0039203053,0.026956511,0.0013458153,0.023076343,6.2347304e-06,0.0031736259,37.447206,28.573306,+Inf,185.05948,11.84357,0,0,30.986784,67.573791,19463.341,6604.5409,26067.882,0.001559643,0.00026037126,2.9598138e-05,100,0,5.7882053,3.6639456,3.5842019,55.562292,43.273708,16.139103,6.6414289,24.996387,0,0.0079179055,3.9634205,12.288584,11.906892,2.1354202,0.51088294,11.899702,11.675408,22.61366,0.7059324,0.80839027,9.5980951,7.2141753,11.851473,6.9791016,0.034840634,8.2080696,0.042785964,0.020058381,0.19591693,1.2684275,16.965057,4.0726685,1.2219021,2.7208605,0.7980533,6.5268492,100,-18.758841,0.28682055,12.007923,2.4373292,0.039304719,0,13.575046,2.3839197,1.624388,0.60479772,0,13.271332,21.917454,20.142314,0.00061746424,0.0030785985,9.3314179,1.9564503,1.8620916,7.317134,1.77514,1.7707423,0
1761733842,,,,2.7868422,98.122727,23.212527,1.4428178,4.0100547,0.69308819,106.13497,0.034541881,0.00054055662,0.010148082,0.30868328,0.041048285,0.0039094611,0.02762371,0.0013091804,0.023134638,6.3104923e-06,0.0031325173,37.578451,28.588547,+Inf,183.99489,11.874397,0,0,32.723522,65.870778,19424.341,6621.9672,26046.308,0.0016998785,0.00024785755,3.2146892e-05,100,0,5.7532208,3.7223261,3.3958762,53.384465,41.737242,17.131928,6.4174931,24.920361,0,0.0076415165,4.0646247,11.647224,12.230859,2.1788103,0.52719503,11.932737,11.659673,6.1646341,0.71204639,0.70563791,12.128623,9.7697346,14.369161,7.1243173,0.037853805,8.8668782,0.046199051,0.022186471,0.19543509,1.3348894,15.839955,4.1075569,1.1250835,2.5621517,0.80716062,7.063087,100,-16.374384,0.285861,12.54438,2.4250622,0.039930925,0,14.590719,2.3588887,1.7639642,0.5051971,0,13.384797,22.342417,20.588932,0.0005995483,0.0031129359,10.168434,1.9454913,1.8691611,7.0761727,1.7534854,1.7562248,0
1761733847,,,,2.7459475,98.34934,23.527112,1.4031983,3.9780113,0.71265763,107.77863,0.033974343,0.00053740766,0.0098372908,0.30868294,0.041302728,0.0037379058,0.027442893,0.0012393837,0.023667649,5.8415499e-06,0.0031254797,37.41367,29.018839,+Inf,184.50485,11.868888,0,0,30.903499,67.699537,19398.778,6570.0236,25968.802,0.001616768,0.00023982731,2.9472808e-05,100,0,5.7695435,3.7501503,3.4604474,51.124936,39.084398,16.657592,6.4295448,24.780169,0,0.0077456708,4.0381115,12.040538,11.834281,2.2130759,0.51516991,12.152762,11.38919,5.6665152,1.1558949,1.1474325,12.521403,10.460487,13.177457,7.1813363,0.034428957,8.4469812,0.042424021,0.02143338,0.2216775,1.2936277,17.111125,4.0079816,1.1582323,2.7266744,1.470448,7.5290077,100,-17.464161,0.29265976,12.710799,2.444494,0.041766374,0,13.73744,2.0609163,1.7219417,0.55530491,0,13.451506,23.163966,21.397604,0.00060704674,0.0029546383,9.6027179,1.9600318,1.8657328,7.4053676,1.7663619,1.7355614,0
1761733852,,,,2.7812511,98.42211,23.395799,1.4670684,4.2035345,0.68163146,104.48899,0.034263795,0.00052539574,0.010457709,0.30813384,0.043095505,0.0038569468,0.029224213,0.0012196069,0.023546028,5.9801463e-06,0.0032323869,37.733416,26.204615,+Inf,184.30897,11.765674,9.5309625e-05,0,31.371149,67.223173,19116.643,6505.9929,25622.636,0.0016549693,0.00026279435,3.0866028e-05,100,0,5.773961,3.8233625,4.1825138,55.670228,43.796676,16.513616,6.671725,26.007035,0,0.0077687255,4.1341215,11.873552,11.821779,2.2472575,0.51537156,12.043362,11.639281,48.058807,0.8152166,0.72284975,9.918526,7.7251058,12.731446,6.8369031,0.034495857,8.1883198,0.044087969,0.017952506,0.15615774,1.2732627,17.115786,3.8751585,1.1099489,2.5464386,1.3582147,4.8218603,100,-18.152361,0.29707622,12.817814,2.4237796,0.041161069,0,14.475818,2.1934202,1.6889257,0.56549386,0,13.249131,22.141402,20.361217,0.00063137419,0.0027121143,9.3930206,1.8581291,1.809856,7.1745737,1.7801854,1.8631817,0
1761733858,,,,2.767761,98.599522,23.503806,1.4811266,4.0855693,0.67516172,103.18088,0.035185533,0.00053381223,0.010599617,0.30895343,0.042854655,0.0038105848,0.028349306,0.0011078096,0.023725903,6.2431251e-06,0.0031720474,37.645017,27.967369,+Inf,184.61643,11.77489,0,0,31.355315,67.2398,19247.448,6561.9776,25809.426,0.0015352105,0.0002693254,3.2203541e-05,100,0,5.7562784,3.7002177,3.4027162,54.648595,43.118471,15.84406,6.5165617,25.983724,0,0.0078075878,4.0636054,11.530124,12.088733,2.2701243,0.52074636,12.307143,11.409647,0.01,0.85157129,0.80691957,11.96777,9.8824654,12.463189,6.6176042,0.037772753,8.8905875,0.044280884,0.017822872,0.20802036,1.2976054,16.636657,3.9523995,1.1133827,2.657356,0.52213816,7.0717163,100,-16.891834,0.28281499,12.260052,2.5494464,0.040631802,0,13.498451,2.0853049,1.6116417,0.60204923,0,13.386847,21.973,20.203544,0.00065261908,0.0030774707,10.184966,1.9475847,1.8678294,6.5675026,1.7694554,1.8487681,0
1761733863,,,,2.7271323,98.504482,23.529929,1.3743052,4.0659714,0.72764044,109.46293,0.032125182,0.0005228035,0.0097525157,0.30704113,0.042308988,0.0037908907,0.028031438,0.0011807698,0.023620542,5.9553595e-06,0.0032123098,37.418706,31.465731,+Inf,184.34706,11.865689,0,0,32.827668,65.792827,19604.466,6617.2058,26221.672,0.0017749641,0.0002625702,3.2688216e-05,100,0,5.7692708,3.802717,3.4667453,53.203247,41.632184,17.168019,6.2247261,25.438184,0,0.0077063945,4.217465,11.571063,11.967093,2.2198422,0.51656426,12.295998,11.372865,6.2517402,0.90441307,0.48362293,11.055852,8.7597411,13.267402,7.0882393,0.036122645,8.4824023,0.046278361,0.0226924,0.19708046,1.3035174,16.523112,4.1050839,1.1606115,2.7470054,0.28308532,6.5799597,100,-15.248525,0.28971456,12.202024,2.5621472,0.040986753,0,14.788981,2.2961107,1.7793422,0.57530885,0,13.573779,23.19312,21.426779,0.0005651916,0.0032631043,9.7665972,1.9385969,1.8574442,6.5636581,1.7663408,1.783668,0
1761733868,,,,2.6463691,98.724615,23.459846,1.4042331,3.880317,0.71213248,104.18968,0.033812199,0.00055243925,0.010077242,0.30815324,0.041224706,0.0038247425,0.027213226,0.0012261758,0.024220962,6.1361434e-06,0.0032301454,37.539317,27.621757,+Inf,184.21731,11.821552,0,0,31.494501,67.099623,19420.673,6596.0338,26016.707,0.0016222956,0.00025256675,3.2646505e-05,100,0,5.7431943,3.6980207,3.4356464,51.048733,39.835695,16.608705,6.6906996,24.800433,0,0.00788643,3.9442963,11.213039,11.679027,2.1421006,0.5182067,12.05609,11.344966,4.6983007,1.1052346,0.72224965,13.72241,11.446779,12.897117,6.9006096,0.036694321,8.509755,0.048239418,0.024717338,0.22909159,1.288529,16.832698,3.8840334,1.1327178,2.5877914,0.47182141,7.5365259,100,-16.064109,0.28088428,12.231911,2.6113655,0.038626146,0,14.322892,2.2756312,1.7071712,0.57200298,0,13.529264,22.979192,21.191854,0.00063858152,0.0032014,9.769019,1.8811783,1.8147788,6.8719543,1.7873376,1.8133304,0
1761733873,,,,2.9150314,98.36827,23.237224,1.5006575,3.987305,0.66637459,107.00516,0.037850202,0.00053937174,0.010649218,0.31059696,0.039998651,0.0037854722,0.026759908,0.0014452131,0.022694124,5.9191423e-06,0.0032665126,37.757309,26.433741,+Inf,184.89751,11.891997,0,0,32.711235,65.877606,19707.857,6615.9141,26323.771,0.0016497686,0.00026352847,3.077952e-05,100,0,5.7788265,3.6457256,3.4962568,52.93383,41.147437,16.471891,6.3944398,24.407772,0,0.0077049538,4.2051692,11.786394,12.001288,2.3470918,0.53905053,12.05448,12.636406,1.7308722,0.9506991,0.79927865,11.142961,8.5858958,13.034332,6.9798423,0.036837086,8.6142991,0.047180978,0.025335427,0.21641019,1.3051053,16.002456,4.0466872,1.1703842,2.6060258,0.4724379,7.6806784,100,-17.160539,0.30265876,12.304128,2.4632622,0.040305035,0,14.249616,2.5570653,1.6929075,0.56521053,0,13.300168,21.152713,19.369374,0.00060468209,0.0027571165,9.8876352,1.8290892,1.7851179,7.1706722,1.7833389,1.8294043,0
1761733878,,,,2.7583774,98.528116,23.668928,1.460129,3.9158421,0.68487099,104.2343,0.034521719,0.00054563348,0.010584519,0.30863242,0.040168059,0.0038376675,0.025860582,0.0010714881,0.024418547,6.8365725e-06,0.0034330633,37.721046,26.092456,+Inf,183.97017,11.863465,0,0,33.061773,65.567345,19721.382,6591.3746,26312.756,0.0017460192,0.0002671886,3.3463332e-05,100,0,5.7489267,3.7315472,3.396485,51.319009,38.928976,16.983127,6.5092898,24.781117,0,0.007970203,4.0453886,12.390034,11.567938,2.2760767,0.51227475,12.403279,11.530186,1.9176078,1.0094239,0.65754064,13.79421,11.491943,13.138824,6.9545773,0.067838468,8.8669577,0.059022261,0.019419789,0.19221144,1.3245613,15.674143,4.0500625,1.1879017,2.7194336,0.1658861,6.7416568,100,-16.834603,0.28698715,11.796938,2.5595538,0.043170176,0,14.569882,2.3022675,1.7378839,0.52813777,0,13.485263,22.257887,20.467137,0.00061251759,0.0033589065,10.173362,2.0906486,1.9589902,7.2297957,1.7907498,1.8070966,0
1761733883,,,,2.6991266,98.646178,23.521801,1.4019438,3.7780005,0.71329534,106.35574,0.033450345,0.0005621286,0.010072386,0.3079313,0.041601826,0.0037199966,0.027343285,0.0010927839,0.022631837,6.0242632e-06,0.0032171173,37.452287,28.976627,+Inf,184.6264,11.804419,0,0,32.341811,66.267719,19425.165,6575.733,26000.898,0.0016786314,0.00023420397,3.0443205e-05,100,0,5.7610777,3.6811043,4.1589778,50.639177,38.432144,17.036629,6.4013934,25.184399,0,0.0076219329,4.015379,12.207033,11.865534,2.1714529,0.52350028,12.650231,11.466245,5.4554919,0.99028392,0.91290371,14.199507,11.982774,13.831967,7.0735213,0.036501323,8.560466,0.046338101,0.025095725,0.19160955,1.2851531,17.506461,3.9778039,1.1466901,2.6684784,1.0935316,6.4627441,100,-17.196195,0.27955342,11.942869,2.5375889,0.037829892,0,13.89084,2.2167329,1.7607978,0.52463118,0,13.436071,22.905931,21.101369,0.00079219216,0.003107719,9.8295679,1.8975594,1.8255285,7.0666001,1.8045612,1.8319065,0
1761733888,,,,2.7474981,98.342457,22.630694,1.4405019,4.0001806,0.69420247,105.0395,0.035403333,0.00052164566,0.010229061,0.30938815,0.041210884,0.0038355933,0.02749916,0.001229444,0.022348068,6.3682461e-06,0.0035052658,37.574331,29.937686,+Inf,184.50172,11.809225,0,0,32.182519,66.41793,19734.974,6611.4725,26346.447,0.0016159973,0.00025628163,3.0814541e-05,100,0,5.7661656,3.767519,3.440451,53.452779,41.291463,16.305838,6.4892425,25.357562,0,0.0077627348,4.1097921,12.161316,12.033596,2.3063089,0.52640545,12.404221,11.513222,4.97041,0.92440958,0.82069765,11.14003,8.7847261,14.051467,7.062292,0.037641661,8.5192636,0.04602668,0.021569917,0.23318805,1.3128923,16.558812,4.071241,1.1814633,2.6464289,0.55875542,7.9922636,100,-17.905847,0.29767867,12.248435,2.5497173,0.042124712,0,13.961151,2.3553043,1.6743809,0.54897598,0,13.590678,22.294995,20.554467,0.00062249861,0.0031750796,9.7098526,1.8893449,1.8288429,7.6331749,1.7405279,1.8304525,0
1761733892,,,,2.675173,98.405152,23.513521,1.4475451,3.9963575,0.69082476,101.8417,0.03430614,0.00053614064,0.010299948,0.30880168,0.041410667,0.0037237394,0.027198101,0.0011949207,0.02431768,6.5863323e-06,0.0033507658,36.986058,30.523801,+Inf,184.64561,11.77873,0,0,31.705896,66.903461,19281.168,6556.1974,25837.366,0.0017596232,0.00027352447,3.2548358e-05,100,0,5.7547803,3.9115236,3.2968128,53.120027,41.076704,17.036807,6.4757666,25.061055,0,0.0076629845,4.1675393,12.043323,11.735267,2.3808644,0.51612554,12.338506,11.297859,3.1131375,0.70476115,0.85597413,12.642768,10.830328,13.819009,7.9699649,0.036590506,8.6803823,0.043308031,0.016841621,0.20797917,1.3024642,16.885427,3.8075042,1.0286513,2.6486181,0.81105011,7.0969816,100,-17.704534,0.29935695,12.452495,2.5428363,0.040066135,0,15.063901,1.8124404,1.7587792,0.54028089,0,13.774424,22.453748,20.70672,0.00065484257,0.0032214352,9.9772069,2.0113799,1.8980484,7.7348724,1.7470285,1.8265817,0
